IP,Categories,ReportDate,Comment
"94.129.82.86","18,22","Jul 20 00:26:05","Invalid user squid from 94.129.82.86 port 59231"
"83.48.29.116","18,22","Jul 20 00:34:40","Invalid user temp123 from 83.48.29.116 port 10267"
"51.91.110.51","18,22","Jul 20 00:41:04","Invalid user sysop from 51.91.110.51 port 40596"
"110.17.121.27","18,22","Jul 20 01:12:47","Invalid user test from 110.17.121.27 port 39272"
"177.2.29.82","18,22","Jul 20 01:14:44","Invalid user imj from 177.2.29.82 port 35419"
"54.38.180.93","18,22","Jul 20 01:30:41","Invalid user leticia from 54.38.180.93 port 49906"
"181.48.114.82","18,22","Jul 20 01:34:24","Invalid user phd from 181.48.114.82 port 55560"
"113.98.117.119","18,22","Jul 20 01:35:50","Invalid user develop from 113.98.117.119 port 59684"
"113.98.193.58","18,22","Jul 20 01:40:08","Invalid user dspace from 113.98.193.58 port 64031"
"158.69.197.113","18,22","Jul 20 01:45:50","Invalid user aac from 158.69.197.113 port 56084"
"122.51.254.9","18,22","Jul 20 01:49:05","Invalid user test from 122.51.254.9 port 46034"
"34.96.147.16","18,22","Jul 20 02:14:03","Invalid user zhf from 34.96.147.16 port 50412"
"185.83.115.36","18,22","Jul 20 02:23:50","Invalid user test2 from 185.83.115.36 port 44608"
"128.199.143.89","18,22","Jul 20 02:25:07","Invalid user leandro from 128.199.143.89 port 48101"
"106.51.78.18","18,22","Jul 20 02:29:15","Invalid user cj from 106.51.78.18 port 32822"
"110.43.50.203","18,22","Jul 20 02:33:09","Invalid user shirley from 110.43.50.203 port 42223"
"219.249.62.179","18,22","Jul 20 02:33:17","Invalid user telnet from 219.249.62.179 port 48468"
"222.122.31.133","18,22","Jul 20 02:46:17","Invalid user radio from 222.122.31.133 port 41502"
"175.24.23.31","18,22","Jul 20 03:05:22","Invalid user postgres from 175.24.23.31 port 59890"
"103.56.232.130","18,22","Jul 20 03:06:40","Invalid user vpnuser1 from 103.56.232.130 port 42058"
"221.229.196.55","18,22","Jul 20 03:10:57","Invalid user sdtdserver from 221.229.196.55 port 50856"
"50.70.229.239","18,22","Jul 20 03:25:56","Invalid user newsroom from 50.70.229.239 port 46964"
"106.69.228.53","18,22","Jul 20 04:31:32","Invalid user edu from 106.69.228.53 port 45312"
"116.253.211.155","18,22","Jul 20 04:43:55","Invalid user omt from 116.253.211.155 port 45762"
"191.238.218.100","18,22","Jul 20 04:44:15","Invalid user hadoop from 191.238.218.100 port 49378"
"167.172.38.238","18,22","Jul 20 04:47:52","Invalid user lg from 167.172.38.238 port 38594"
"167.114.251.164","18,22","Jul 20 04:51:25","Invalid user david from 167.114.251.164 port 48767"
"202.83.17.137","18,22","Jul 20 04:55:14","Invalid user jugo from 202.83.17.137 port 41010"
"106.13.86.54","18,22","Jul 20 04:56:58","Invalid user signa from 106.13.86.54 port 47636"
"183.80.154.27","18,22","Jul 20 05:00:57","Invalid user dave from 183.80.154.27 port 47928"
"2.114.202.124","18,22","Jul 20 05:01:30","Invalid user vs from 2.114.202.124 port 40636"
"176.122.129.114","18,22","Jul 20 05:02:30","Invalid user testftp from 176.122.129.114 port 34966"
"138.68.221.125","18,22","Jul 20 05:05:02","Invalid user micha from 138.68.221.125 port 45550"
"85.247.0.210","18,22","Jul 20 06:31:20","Invalid user danar from 85.247.0.210 port 56147"
"43.243.127.98","18,22","Jul 20 07:08:13","Invalid user adrian from 43.243.127.98 port 44216"
"5.135.165.51","18,22","Jul 20 07:14:16","Invalid user ccc from 5.135.165.51 port 37984"
"2.139.220.30","18,22","Jul 20 07:15:46","Invalid user demos from 2.139.220.30 port 35024"
"41.94.88.8","18,22","Jul 20 07:16:33","Invalid user ansible from 41.94.88.8 port 49880"
"193.80.245.89","18,22","Jul 20 07:21:04","Invalid user robot from 193.80.245.89 port 38636"
"209.97.184.199","18,22","Jul 20 07:22:39","Invalid user sonic from 209.97.184.199 port 46126"
"104.45.88.60","18,22","Jul 20 07:23:23","Invalid user vitek from 104.45.88.60 port 36456"
"82.209.209.202","18,22","Jul 20 07:23:40","Invalid user iphone from 82.209.209.202 port 58882"
"51.75.162.236","18,22","Jul 20 07:25:12","Invalid user namrata from 51.75.162.236 port 34786"
"171.115.85.147","18,22","Jul 20 07:25:55","Invalid user emmanuel from 171.115.85.147 port 22082"
"80.188.75.253","18,22","Jul 20 07:26:34","Invalid user admin from 80.188.75.253 port 58164"
"51.178.182.35","18,22","Jul 20 07:27:46","Invalid user z from 51.178.182.35 port 39224"
"37.187.12.126","18,22","Jul 20 07:27:47","Invalid user tspeak from 37.187.12.126 port 42664"
"116.68.160.214","18,22","Jul 20 07:28:12","Invalid user teamspeak from 116.68.160.214 port 55824"
"103.217.255.68","18,22","Jul 20 07:28:43","Invalid user yuta from 103.217.255.68 port 57570"
"185.216.25.122","18,22","Jul 20 07:32:08","Invalid user hzy from 185.216.25.122 port 50930"
"106.54.205.236","18,22","Jul 20 07:33:05","Invalid user testing from 106.54.205.236 port 37406"
"59.152.237.118","18,22","Jul 20 07:34:45","Invalid user dev from 59.152.237.118 port 33084"
"54.37.159.12","18,22","Jul 20 07:38:18","Invalid user lukasz from 54.37.159.12 port 52588"
"46.182.6.77","18,22","Jul 20 07:58:43","Invalid user zpw from 46.182.6.77 port 41066"
"103.129.220.40","18,22","Jul 20 08:02:42","Invalid user demo from 103.129.220.40 port 56292"
"139.59.241.75","18,22","Jul 20 08:12:40","Invalid user aish from 139.59.241.75 port 35303"
"62.234.127.234","18,22","Jul 20 08:12:47","Invalid user ts3 from 62.234.127.234 port 48314"
"190.34.184.214","18,22","Jul 20 08:22:35","Invalid user lmx from 190.34.184.214 port 35288"
"190.210.238.77","18,22","Jul 20 08:31:16","Invalid user vsftpd from 190.210.238.77 port 49991"
